{"meta":{"version":1,"warehouse":"5.0.1"},"models":{"Asset":[{"_id":"source/img/avatar.jpg","path":"img/avatar.jpg","modified":0,"renderable":0},{"_id":"source/img/favicon.ico","path":"img/favicon.ico","modified":0,"renderable":0},{"_id":"themes/aircloud/source/css/aircloud.css","path":"css/aircloud.css","modified":0,"renderable":1},{"_id":"themes/aircloud/source/css/aircloud.css.map","path":"css/aircloud.css.map","modified":0,"renderable":1},{"_id":"themes/aircloud/source/css/gitment.css","path":"css/gitment.css","modified":0,"renderable":1},{"_id":"themes/aircloud/source/css/aircloud.less","path":"css/aircloud.less","modified":0,"renderable":1},{"_id":"themes/aircloud/source/js/index.js","path":"js/index.js","modified":0,"renderable":1},{"_id":"themes/aircloud/source/js/gitment.js","path":"js/gitment.js","modified":0,"renderable":1}],"Cache":[{"_id":"source/_posts/hello-world.md","hash":"acad91ace80b80295b11a9b7ad4c29a2dcfdd8fb","modified":1744728910105},{"_id":"source/_posts/tags.md","hash":"12492182caffa930b0329003722df5c543874e98","modified":1744735100051},{"_id":"source/about/index.md","hash":"cdd8ce9bacee620b0e6a255a006ef1c40b7fe9e3","modified":1744735191179},{"_id":"source/_posts/静态页面建站.md","hash":"a8b7c98a0465161cf8c0b35d0638cd9da69a792b","modified":1744735288687},{"_id":"source/tags/index.md","hash":"716a4ea7d12c05b19af3ac120314bd043d8fda3f","modified":1744735189070},{"_id":"source/img/avatar.jpg","hash":"5f70c3eb221386fbba35c3386ed52c8825936a85","modified":1742804412607},{"_id":"source/img/favicon.ico","hash":"5a2e1df12f6c4c169d96597327a3f8fb51ce3e5e","modified":1744736796121},{"_id":"themes/aircloud/layout/catagory.ejs","hash":"da39a3ee5e6b4b0d3255bfef95601890afd80709","modified":1744734149731},{"_id":"themes/aircloud/layout/page.ejs","hash":"da39a3ee5e6b4b0d3255bfef95601890afd80709","modified":1744734149732},{"_id":"themes/aircloud/source/_less/about.less","hash":"da39a3ee5e6b4b0d3255bfef95601890afd80709","modified":1744734149735},{"_id":"themes/aircloud/source/_less/diff.less","hash":"da39a3ee5e6b4b0d3255bfef95601890afd80709","modified":1744734149736},{"_id":"themes/aircloud/source/_less/page.less","hash":"da39a3ee5e6b4b0d3255bfef95601890afd80709","modified":1744734149739},{"_id":"themes/aircloud/source/_less/theme.less","hash":"da39a3ee5e6b4b0d3255bfef95601890afd80709","modified":1744734149739},{"_id":"themes/aircloud/_config.yml","hash":"0ad3a6ab2c9bb07fb1e030052622fdcde5c6f28a","modified":1744734149727},{"_id":"themes/aircloud/LICENSE","hash":"278d4c4d923734a79286b3a5b524723c107c132a","modified":1744734149727},{"_id":"themes/aircloud/.gitignore","hash":"ccc920f3a0a4b94f816784aca328c2385d2f080f","modified":1744734149727},{"_id":"themes/aircloud/readme.md","hash":"753be8f77ce64f88ba041c6ce1968470cd0c1e01","modified":1744734149733},{"_id":"themes/aircloud/languages/zh.yml","hash":"512df6eab98f342648b31a444d6be2a28683cc76","modified":1744734149728},{"_id":"themes/aircloud/readme-en.md","hash":"abb3560f471191278681891903353919f606c7b7","modified":1744734149733},{"_id":"themes/aircloud/layout/404.ejs","hash":"51ac993ccbd409d7bfe0deee0de8015a89b5a15c","modified":1744734149729},{"_id":"themes/aircloud/layout/archive.ejs","hash":"fe44df8eacf6e5e27df30b450033b18cae88f523","modified":1744734149731},{"_id":"themes/aircloud/layout/about.ejs","hash":"5abd3e7cca91270c3f95c19ef6f6447d7e91501e","modified":1744734149730},{"_id":"themes/aircloud/languages/en.yml","hash":"4252b7f10469572019273ca09699a6fe7748ed6a","modified":1744734149728},{"_id":"themes/aircloud/languages/ko.yml","hash":"b2e0351ff6753d06194afa3a2625f1f51acd83fc","modified":1744734149728},{"_id":"themes/aircloud/layout/index.ejs","hash":"35bef0e9494b3ae512074fc0bcc3990acb0560b3","modified":1744734149731},{"_id":"themes/aircloud/layout/layout.ejs","hash":"c14719687cb044354f13be25824515a8e9c14640","modified":1744734149732},{"_id":"themes/aircloud/layout/post.ejs","hash":"d6c6daadc9ba9a20f0f211b892f690842d41f7e6","modified":1744734149732},{"_id":"themes/aircloud/layout/tags.ejs","hash":"d1b3adc0b3baf026379d0ab323d3db17ceec2c8b","modified":1744734149732},{"_id":"themes/aircloud/layout/collect.ejs","hash":"6b928a0063390ca7e246131e2cef2fe3099860d5","modified":1744734149731},{"_id":"themes/aircloud/layout/_partial/head.ejs","hash":"f86b2095561390904c82318a696f8552f46f131c","modified":1744734149730},{"_id":"themes/aircloud/layout/_partial/donate.ejs","hash":"d97224a63f76045cbd0a53a3cabef3f0fd010ad3","modified":1744734149729},{"_id":"themes/aircloud/layout/_partial/footer.ejs","hash":"236e217c976680136272652332f29fa4dca37131","modified":1744734149729},{"_id":"themes/aircloud/layout/_partial/toc.ejs","hash":"20106463b4885e93ef69122d69464174c45df71d","modified":1744734149730},{"_id":"themes/aircloud/layout/_partial/nav.ejs","hash":"0583d4b12fcf528604239ea7aee214856ae121c0","modified":1744734149730},{"_id":"themes/aircloud/source/css/aircloud.css","hash":"0b2ecb33e9406dbcbb4c5ba0484802ee7a520be5","modified":1744734149740},{"_id":"themes/aircloud/source/css/aircloud.css.map","hash":"50db34961d11f6f461e23912609d25141068a6fc","modified":1744734149741},{"_id":"themes/aircloud/source/css/aircloud.less","hash":"b92d4ab8d52bd997099f71529d562a46d0bea548","modified":1744734149741},{"_id":"themes/aircloud/source/css/gitment.css","hash":"c6951e8c4d709f1917c2cf78b9777d9610cb6532","modified":1744734149741},{"_id":"themes/aircloud/source/_less/common.less","hash":"c3233805b342376c4e0fba1d406326e03740a827","modified":1744734149736},{"_id":"themes/aircloud/source/_less/archive.less","hash":"b27c479274d648918f29452aae8139bafe997804","modified":1744734149736},{"_id":"themes/aircloud/source/_less/hightlight.less","hash":"1eaef200f09685294c7382462b4774de2b4ba1f3","modified":1744734149737},{"_id":"themes/aircloud/source/_less/gitment.less","hash":"f6f18d9e7451c501234a1d2166813edae63cd7d5","modified":1744734149737},{"_id":"themes/aircloud/source/_less/index.less","hash":"a9385f153e09ae9468b4bf6fd65362cfd9b31e66","modified":1744734149738},{"_id":"themes/aircloud/source/_less/donate.less","hash":"efaf3572a73c26aff77331e18543b6b2336931c0","modified":1744734149737},{"_id":"themes/aircloud/source/_less/nav.less","hash":"88d17b5868c0b3e73e3ed48d623e82c8324e2611","modified":1744734149738},{"_id":"themes/aircloud/source/_less/post.less","hash":"09648635ead840a1205f77c500ee0612f5d52533","modified":1744734149739},{"_id":"themes/aircloud/source/_less/layout.less","hash":"332a42d5ab45c73a25c90b182ede63a4dfdfbe30","modified":1744734149738},{"_id":"themes/aircloud/source/_less/toc.less","hash":"1b7d8346f6c60e18a78e0bba01134e2febf8dced","modified":1744734149740},{"_id":"themes/aircloud/source/_less/tag.less","hash":"de59eda7247307984e267787d8c8ddf49143af65","modified":1744734149739},{"_id":"themes/aircloud/source/js/index.js","hash":"4dff63dcc7262a11ae2144e2a40cf78d196623d1","modified":1744768694324},{"_id":"themes/aircloud/source/_less/variables.less","hash":"bb54147fa85c55e5879ea24011569dbcba53627f","modified":1744734149740},{"_id":"themes/aircloud/source/_less/_partial/footer.css","hash":"c14a3aac90c0d6fc0c4cdcd84b98e2ce3005d47f","modified":1744734149734},{"_id":"themes/aircloud/source/_less/_partial/footer.css.map","hash":"9e8d4df5d08425de5a8b247d0dd8b805c6edc661","modified":1744734149735},{"_id":"themes/aircloud/source/_less/_partial/footer.less","hash":"a4137692c2b8fd287ac014feb3e73aa0502f7c23","modified":1744734149735},{"_id":"themes/aircloud/source/js/gitment.js","hash":"7d7a9c07794fb31fd6d4620e473d05e14e27285d","modified":1744734149742},{"_id":"public/search.json","hash":"241deaa92e7c24da15a3af13d499d2eba233264d","modified":1744768713945},{"_id":"public/about/index.html","hash":"3f2dd511892eda1aa18c4ee4eec4fddbf83001cd","modified":1744768713945},{"_id":"public/tags/index.html","hash":"5589e194f62096daf37c794b636fd4e234aad994","modified":1744768713945},{"_id":"public/2025/04/16/静态页面建站/index.html","hash":"f45ee19e133b3ff157d27c20581b36c6758fdc81","modified":1744768713945},{"_id":"public/2025/04/16/tags/index.html","hash":"6d15ce70c05c2d95d19bb87c5a53037e8cdd5af4","modified":1744768713945},{"_id":"public/2025/04/15/hello-world/index.html","hash":"573d652fa322254e9e845c28fbe17b3f7049759f","modified":1744768713945},{"_id":"public/index.html","hash":"7f560270bd0dc94f451a0922f7344efb298dde2e","modified":1744768713945},{"_id":"public/archives/index.html","hash":"058c045e67ccb40401e2c32bf038344a2c695567","modified":1744768713945},{"_id":"public/archives/2025/04/index.html","hash":"058c045e67ccb40401e2c32bf038344a2c695567","modified":1744768713945},{"_id":"public/archives/2025/index.html","hash":"058c045e67ccb40401e2c32bf038344a2c695567","modified":1744768713945},{"_id":"public/img/avatar.jpg","hash":"5f70c3eb221386fbba35c3386ed52c8825936a85","modified":1744768713945},{"_id":"public/css/aircloud.css.map","hash":"50db34961d11f6f461e23912609d25141068a6fc","modified":1744768713945},{"_id":"public/css/aircloud.less","hash":"b92d4ab8d52bd997099f71529d562a46d0bea548","modified":1744768713945},{"_id":"public/css/aircloud.css","hash":"178169dd792ef55b892ddca91c7f92be5f333442","modified":1744768713945},{"_id":"public/js/index.js","hash":"48e5e2a7d9826812fb02efd48a6d8d691924dad3","modified":1744768713945},{"_id":"public/css/gitment.css","hash":"926b553be983d6dd90bcb60c5d6d4ee215d268a6","modified":1744768713945},{"_id":"public/js/gitment.js","hash":"89687f8fffe1125e08323fd6635ca4e53771c05e","modified":1744768713945},{"_id":"public/img/favicon.ico","hash":"5a2e1df12f6c4c169d96597327a3f8fb51ce3e5e","modified":1744768713945}],"Category":[],"Data":[],"Page":[{"layout":"tags","title":"about","date":"2025-04-15T16:38:40.000Z","_content":"","source":"about/index.md","raw":"---\nlayout: \"tags\"\ntitle: about\ndate: 2025-04-16 00:38:40\n---\n","updated":"2025-04-15T16:39:51.179Z","path":"about/index.html","comments":1,"_id":"cm9ja8sap0000r0uf7wf0da9y","content":"","excerpt":"","more":""},{"layout":"tags","title":"tags","date":"2025-04-15T16:38:30.000Z","_content":"","source":"tags/index.md","raw":"---\nlayout: \"tags\"\ntitle: tags\ndate: 2025-04-16 00:38:30\n---\n","updated":"2025-04-15T16:39:49.070Z","path":"tags/index.html","comments":1,"_id":"cm9ja8saq0001r0uf0q3jbhew","content":"","excerpt":"","more":""}],"Post":[{"title":"Hello World","_content":"Welcome to [Hexo](https://hexo.io/)! This is your very first post. Check [documentation](https://hexo.io/docs/) for more info. If you get any problems when using Hexo, you can find the answer in [troubleshooting](https://hexo.io/docs/troubleshooting.html) or you can ask me on [GitHub](https://github.com/hexojs/hexo/issues).\n\n## Quick Start\n\n### Create a new post\n\n``` bash\n$ hexo new \"My New Post\"\n```\n\nMore info: [Writing](https://hexo.io/docs/writing.html)\n\n### Run server\n\n``` bash\n$ hexo server\n```\n\nMore info: [Server](https://hexo.io/docs/server.html)\n\n### Generate static files\n\n``` bash\n$ hexo generate\n```\n\nMore info: [Generating](https://hexo.io/docs/generating.html)\n\n### Deploy to remote sites\n\n``` bash\n$ hexo deploy\n```\n\nMore info: [Deployment](https://hexo.io/docs/one-command-deployment.html)\n","source":"_posts/hello-world.md","raw":"---\ntitle: Hello World\n---\nWelcome to [Hexo](https://hexo.io/)! This is your very first post. Check [documentation](https://hexo.io/docs/) for more info. If you get any problems when using Hexo, you can find the answer in [troubleshooting](https://hexo.io/docs/troubleshooting.html) or you can ask me on [GitHub](https://github.com/hexojs/hexo/issues).\n\n## Quick Start\n\n### Create a new post\n\n``` bash\n$ hexo new \"My New Post\"\n```\n\nMore info: [Writing](https://hexo.io/docs/writing.html)\n\n### Run server\n\n``` bash\n$ hexo server\n```\n\nMore info: [Server](https://hexo.io/docs/server.html)\n\n### Generate static files\n\n``` bash\n$ hexo generate\n```\n\nMore info: [Generating](https://hexo.io/docs/generating.html)\n\n### Deploy to remote sites\n\n``` bash\n$ hexo deploy\n```\n\nMore info: [Deployment](https://hexo.io/docs/one-command-deployment.html)\n","slug":"hello-world","published":1,"date":"2025-04-15T14:55:10.105Z","updated":"2025-04-15T14:55:10.105Z","comments":1,"layout":"post","photos":[],"_id":"cm9ja8sat0002r0uf52u861du","content":"<p>Welcome to <a href=\"https://hexo.io/\">Hexo</a>! This is your very first post. Check <a href=\"https://hexo.io/docs/\">documentation</a> for more info. If you get any problems when using Hexo, you can find the answer in <a href=\"https://hexo.io/docs/troubleshooting.html\">troubleshooting</a> or you can ask me on <a href=\"https://github.com/hexojs/hexo/issues\">GitHub</a>.</p>\n<h2 id=\"Quick-Start\"><a href=\"#Quick-Start\" class=\"headerlink\" title=\"Quick Start\"></a>Quick Start</h2><h3 id=\"Create-a-new-post\"><a href=\"#Create-a-new-post\" class=\"headerlink\" title=\"Create a new post\"></a>Create a new post</h3><figure class=\"highlight bash\"><table><tr><td class=\"gutter\"><pre><span class=\"line\">1</span><br></pre></td><td class=\"code\"><pre><span class=\"line\">$ hexo new <span class=\"string\">&quot;My New Post&quot;</span></span><br></pre></td></tr></table></figure>\n\n<p>More info: <a href=\"https://hexo.io/docs/writing.html\">Writing</a></p>\n<h3 id=\"Run-server\"><a href=\"#Run-server\" class=\"headerlink\" title=\"Run server\"></a>Run server</h3><figure class=\"highlight bash\"><table><tr><td class=\"gutter\"><pre><span class=\"line\">1</span><br></pre></td><td class=\"code\"><pre><span class=\"line\">$ hexo server</span><br></pre></td></tr></table></figure>\n\n<p>More info: <a href=\"https://hexo.io/docs/server.html\">Server</a></p>\n<h3 id=\"Generate-static-files\"><a href=\"#Generate-static-files\" class=\"headerlink\" title=\"Generate static files\"></a>Generate static files</h3><figure class=\"highlight bash\"><table><tr><td class=\"gutter\"><pre><span class=\"line\">1</span><br></pre></td><td class=\"code\"><pre><span class=\"line\">$ hexo generate</span><br></pre></td></tr></table></figure>\n\n<p>More info: <a href=\"https://hexo.io/docs/generating.html\">Generating</a></p>\n<h3 id=\"Deploy-to-remote-sites\"><a href=\"#Deploy-to-remote-sites\" class=\"headerlink\" title=\"Deploy to remote sites\"></a>Deploy to remote sites</h3><figure class=\"highlight bash\"><table><tr><td class=\"gutter\"><pre><span class=\"line\">1</span><br></pre></td><td class=\"code\"><pre><span class=\"line\">$ hexo deploy</span><br></pre></td></tr></table></figure>\n\n<p>More info: <a href=\"https://hexo.io/docs/one-command-deployment.html\">Deployment</a></p>\n","excerpt":"","more":"<p>Welcome to <a href=\"https://hexo.io/\">Hexo</a>! This is your very first post. Check <a href=\"https://hexo.io/docs/\">documentation</a> for more info. If you get any problems when using Hexo, you can find the answer in <a href=\"https://hexo.io/docs/troubleshooting.html\">troubleshooting</a> or you can ask me on <a href=\"https://github.com/hexojs/hexo/issues\">GitHub</a>.</p>\n<h2 id=\"Quick-Start\"><a href=\"#Quick-Start\" class=\"headerlink\" title=\"Quick Start\"></a>Quick Start</h2><h3 id=\"Create-a-new-post\"><a href=\"#Create-a-new-post\" class=\"headerlink\" title=\"Create a new post\"></a>Create a new post</h3><figure class=\"highlight bash\"><table><tr><td class=\"gutter\"><pre><span class=\"line\">1</span><br></pre></td><td class=\"code\"><pre><span class=\"line\">$ hexo new <span class=\"string\">&quot;My New Post&quot;</span></span><br></pre></td></tr></table></figure>\n\n<p>More info: <a href=\"https://hexo.io/docs/writing.html\">Writing</a></p>\n<h3 id=\"Run-server\"><a href=\"#Run-server\" class=\"headerlink\" title=\"Run server\"></a>Run server</h3><figure class=\"highlight bash\"><table><tr><td class=\"gutter\"><pre><span class=\"line\">1</span><br></pre></td><td class=\"code\"><pre><span class=\"line\">$ hexo server</span><br></pre></td></tr></table></figure>\n\n<p>More info: <a href=\"https://hexo.io/docs/server.html\">Server</a></p>\n<h3 id=\"Generate-static-files\"><a href=\"#Generate-static-files\" class=\"headerlink\" title=\"Generate static files\"></a>Generate static files</h3><figure class=\"highlight bash\"><table><tr><td class=\"gutter\"><pre><span class=\"line\">1</span><br></pre></td><td class=\"code\"><pre><span class=\"line\">$ hexo generate</span><br></pre></td></tr></table></figure>\n\n<p>More info: <a href=\"https://hexo.io/docs/generating.html\">Generating</a></p>\n<h3 id=\"Deploy-to-remote-sites\"><a href=\"#Deploy-to-remote-sites\" class=\"headerlink\" title=\"Deploy to remote sites\"></a>Deploy to remote sites</h3><figure class=\"highlight bash\"><table><tr><td class=\"gutter\"><pre><span class=\"line\">1</span><br></pre></td><td class=\"code\"><pre><span class=\"line\">$ hexo deploy</span><br></pre></td></tr></table></figure>\n\n<p>More info: <a href=\"https://hexo.io/docs/one-command-deployment.html\">Deployment</a></p>\n"},{"title":"静态页面建站","date":"2025-04-15T16:41:28.000Z","_content":"","source":"_posts/静态页面建站.md","raw":"---\ntitle: 静态页面建站\ndate: 2025-04-16 00:41:28\ntags:\n---\n","slug":"静态页面建站","published":1,"updated":"2025-04-15T16:41:28.687Z","comments":1,"layout":"post","photos":[],"_id":"cm9ja8sav0003r0ufaomh9uly","content":"","excerpt":"","more":""},{"layout":"pages","title":"tags","date":"2025-04-15T16:38:20.000Z","_content":"","source":"_posts/tags.md","raw":"---\nlayout: pages\ntitle: tags\ndate: 2025-04-16 00:38:20\ntags:\n---\n","slug":"tags","published":1,"updated":"2025-04-15T16:38:20.051Z","comments":1,"photos":[],"_id":"cm9ja8saw0004r0ufd4f82jlp","content":"","excerpt":"","more":""}],"PostAsset":[],"PostCategory":[],"PostTag":[],"Tag":[]}}